-- MySQL dump 10.13  Distrib 5.1.54, for debian-linux-gnu (i686)
--
-- Host: localhost    Database: exercise1
-- ------------------------------------------------------
-- Server version	5.1.54-1ubuntu4

/*!40101 SET @OLD_CHARACTER_SET_CLIENT=@@CHARACTER_SET_CLIENT */;
/*!40101 SET @OLD_CHARACTER_SET_RESULTS=@@CHARACTER_SET_RESULTS */;
/*!40101 SET @OLD_COLLATION_CONNECTION=@@COLLATION_CONNECTION */;
/*!40101 SET NAMES utf8 */;
/*!40103 SET @OLD_TIME_ZONE=@@TIME_ZONE */;
/*!40103 SET TIME_ZONE='+00:00' */;
/*!40014 SET @OLD_UNIQUE_CHECKS=@@UNIQUE_CHECKS, UNIQUE_CHECKS=0 */;
/*!40014 SET @OLD_FOREIGN_KEY_CHECKS=@@FOREIGN_KEY_CHECKS, FOREIGN_KEY_CHECKS=0 */;
/*!40101 SET @OLD_SQL_MODE=@@SQL_MODE, SQL_MODE='NO_AUTO_VALUE_ON_ZERO' */;
/*!40111 SET @OLD_SQL_NOTES=@@SQL_NOTES, SQL_NOTES=0 */;

--
-- Table structure for table `locations`
--

DROP TABLE IF EXISTS `locations`;
/*!40101 SET @saved_cs_client     = @@character_set_client */;
/*!40101 SET character_set_client = utf8 */;
CREATE TABLE `locations` (
  `lname` varchar(255) NOT NULL,
  `phone` int(11) DEFAULT NULL,
  `address` varchar(255) DEFAULT NULL,
  PRIMARY KEY (`lname`)
) ENGINE=MyISAM DEFAULT CHARSET=latin1;
/*!40101 SET character_set_client = @saved_cs_client */;

--
-- Dumping data for table `locations`
--

LOCK TABLES `locations` WRITE;
/*!40000 ALTER TABLE `locations` DISABLE KEYS */;
INSERT INTO `locations` VALUES ('lincoln',6834523,'lincoln place'),('o\'neill\'s',6742134,'pearse st'),('old nag',7678132,'dame st'),('buttery',7023421,'college st');
/*!40000 ALTER TABLE `locations` ENABLE KEYS */;
UNLOCK TABLES;

--
-- Table structure for table `sandwiches`
--

DROP TABLE IF EXISTS `sandwiches`;
/*!40101 SET @saved_cs_client     = @@character_set_client */;
/*!40101 SET character_set_client = utf8 */;
CREATE TABLE `sandwiches` (
  `location` varchar(255) NOT NULL DEFAULT '',
  `bread` varchar(255) NOT NULL DEFAULT '',
  `filling` varchar(255) NOT NULL DEFAULT '',
  `price` float(5,2) DEFAULT NULL,
  PRIMARY KEY (`location`,`bread`,`filling`)
) ENGINE=MyISAM DEFAULT CHARSET=latin1;
/*!40101 SET character_set_client = @saved_cs_client */;

--
-- Dumping data for table `sandwiches`
--

LOCK TABLES `sandwiches` WRITE;
/*!40000 ALTER TABLE `sandwiches` DISABLE KEYS */;
INSERT INTO `sandwiches` VALUES ('lincoln','rye','ham',1.25),('o\'neill\'s','white','cheese',1.20),('o\'neill\'s','whole','ham',1.25),('old nag','rye','beef',1.35),('buttery','white','cheese',1.00),('o\'neill\'s','white','turkey',1.35),('buttery','white','ham',1.10),('lincoln','rye','beef',1.35),('lincoln','white','ham',1.30),('old nag','rye','ham',1.40);
/*!40000 ALTER TABLE `sandwiches` ENABLE KEYS */;
UNLOCK TABLES;

--
-- Table structure for table `tastes`
--

DROP TABLE IF EXISTS `tastes`;
/*!40101 SET @saved_cs_client     = @@character_set_client */;
/*!40101 SET character_set_client = utf8 */;
CREATE TABLE `tastes` (
  `name` varchar(255) NOT NULL DEFAULT '',
  `filling` varchar(255) NOT NULL DEFAULT '',
  PRIMARY KEY (`name`,`filling`)
) ENGINE=MyISAM DEFAULT CHARSET=latin1;
/*!40101 SET character_set_client = @saved_cs_client */;

--
-- Dumping data for table `tastes`
--

LOCK TABLES `tastes` WRITE;
/*!40000 ALTER TABLE `tastes` DISABLE KEYS */;
INSERT INTO `tastes` VALUES ('brown','beef'),('brown','ham'),('brown','turkey'),('green','beef'),('green','cheese'),('green','turkey'),('jones','cheese');
/*!40000 ALTER TABLE `tastes` ENABLE KEYS */;
UNLOCK TABLES;
/*!40103 SET TIME_ZONE=@OLD_TIME_ZONE */;

/*!40101 SET SQL_MODE=@OLD_SQL_MODE */;
/*!40014 SET FOREIGN_KEY_CHECKS=@OLD_FOREIGN_KEY_CHECKS */;
/*!40014 SET UNIQUE_CHECKS=@OLD_UNIQUE_CHECKS */;
/*!40101 SET CHARACTER_SET_CLIENT=@OLD_CHARACTER_SET_CLIENT */;
/*!40101 SET CHARACTER_SET_RESULTS=@OLD_CHARACTER_SET_RESULTS */;
/*!40101 SET COLLATION_CONNECTION=@OLD_COLLATION_CONNECTION */;
/*!40111 SET SQL_NOTES=@OLD_SQL_NOTES */;

-- Dump completed on 2011-08-30 16:08:08
