-- MySQL dump 10.13  Distrib 5.1.54, for debian-linux-gnu (i686)
--
-- Host: localhost    Database: exercise
-- ------------------------------------------------------
-- Server version	5.1.54-1ubuntu4

/*!40101 SET @OLD_CHARACTER_SET_CLIENT=@@CHARACTER_SET_CLIENT */;
/*!40101 SET @OLD_CHARACTER_SET_RESULTS=@@CHARACTER_SET_RESULTS */;
/*!40101 SET @OLD_COLLATION_CONNECTION=@@COLLATION_CONNECTION */;
/*!40101 SET NAMES utf8 */;
/*!40103 SET @OLD_TIME_ZONE=@@TIME_ZONE */;
/*!40103 SET TIME_ZONE='+00:00' */;
/*!40014 SET @OLD_UNIQUE_CHECKS=@@UNIQUE_CHECKS, UNIQUE_CHECKS=0 */;
/*!40014 SET @OLD_FOREIGN_KEY_CHECKS=@@FOREIGN_KEY_CHECKS, FOREIGN_KEY_CHECKS=0 */;
/*!40101 SET @OLD_SQL_MODE=@@SQL_MODE, SQL_MODE='NO_AUTO_VALUE_ON_ZERO' */;
/*!40111 SET @OLD_SQL_NOTES=@@SQL_NOTES, SQL_NOTES=0 */;

--
-- Table structure for table `article`
--

DROP TABLE IF EXISTS `article`;
/*!40101 SET @saved_cs_client     = @@character_set_client */;
/*!40101 SET character_set_client = utf8 */;
CREATE TABLE `article` (
  `article_no` int(11) NOT NULL AUTO_INCREMENT,
  `article_name` varchar(255) NOT NULL,
  `category` varchar(255) NOT NULL,
  PRIMARY KEY (`article_no`)
) ENGINE=InnoDB AUTO_INCREMENT=6 DEFAULT CHARSET=latin1;
/*!40101 SET character_set_client = @saved_cs_client */;

--
-- Dumping data for table `article`
--

LOCK TABLES `article` WRITE;
/*!40000 ALTER TABLE `article` DISABLE KEYS */;
INSERT INTO `article` VALUES (1,'pen','stationary'),(2,'car','vehicle'),(3,'bike','vehicle'),(4,'laptop','machine'),(5,'pencil','stationary');
/*!40000 ALTER TABLE `article` ENABLE KEYS */;
UNLOCK TABLES;

--
-- Table structure for table `article_comment`
--

DROP TABLE IF EXISTS `article_comment`;
/*!40101 SET @saved_cs_client     = @@character_set_client */;
/*!40101 SET character_set_client = utf8 */;
CREATE TABLE `article_comment` (
  `article_no` int(11) NOT NULL DEFAULT '0',
  `comment_id` int(11) NOT NULL DEFAULT '0',
  PRIMARY KEY (`article_no`,`comment_id`),
  KEY `comment_id` (`comment_id`)
) ENGINE=InnoDB DEFAULT CHARSET=latin1;
/*!40101 SET character_set_client = @saved_cs_client */;

--
-- Dumping data for table `article_comment`
--

LOCK TABLES `article_comment` WRITE;
/*!40000 ALTER TABLE `article_comment` DISABLE KEYS */;
INSERT INTO `article_comment` VALUES (1,2),(2,2),(1,3),(5,4),(2,5),(3,5),(4,5);
/*!40000 ALTER TABLE `article_comment` ENABLE KEYS */;
UNLOCK TABLES;

--
-- Table structure for table `comment`
--

DROP TABLE IF EXISTS `comment`;
/*!40101 SET @saved_cs_client     = @@character_set_client */;
/*!40101 SET character_set_client = utf8 */;
CREATE TABLE `comment` (
  `comment_id` int(11) NOT NULL AUTO_INCREMENT,
  `comment` text NOT NULL,
  PRIMARY KEY (`comment_id`)
) ENGINE=InnoDB AUTO_INCREMENT=6 DEFAULT CHARSET=latin1;
/*!40101 SET character_set_client = @saved_cs_client */;

--
-- Dumping data for table `comment`
--

LOCK TABLES `comment` WRITE;
/*!40000 ALTER TABLE `comment` DISABLE KEYS */;
INSERT INTO `comment` VALUES (1,'this is a comment'),(2,'this is another comment'),(3,'this is other comment'),(4,'this is extra comment'),(5,'this is over comment');
/*!40000 ALTER TABLE `comment` ENABLE KEYS */;
UNLOCK TABLES;

--
-- Table structure for table `user`
--

DROP TABLE IF EXISTS `user`;
/*!40101 SET @saved_cs_client     = @@character_set_client */;
/*!40101 SET character_set_client = utf8 */;
CREATE TABLE `user` (
  `user_id` int(11) NOT NULL AUTO_INCREMENT,
  `username` varchar(255) NOT NULL,
  `type` enum('admin','normal') NOT NULL,
  PRIMARY KEY (`user_id`)
) ENGINE=InnoDB AUTO_INCREMENT=6 DEFAULT CHARSET=latin1;
/*!40101 SET character_set_client = @saved_cs_client */;

--
-- Dumping data for table `user`
--

LOCK TABLES `user` WRITE;
/*!40000 ALTER TABLE `user` DISABLE KEYS */;
INSERT INTO `user` VALUES (1,'priyank','admin'),(2,'sushant','normal'),(3,'vaibhav','normal'),(4,'smruti','normal'),(5,'jyoti','admin');
/*!40000 ALTER TABLE `user` ENABLE KEYS */;
UNLOCK TABLES;

--
-- Table structure for table `user_article`
--

DROP TABLE IF EXISTS `user_article`;
/*!40101 SET @saved_cs_client     = @@character_set_client */;
/*!40101 SET character_set_client = utf8 */;
CREATE TABLE `user_article` (
  `user_id` int(11) NOT NULL DEFAULT '0',
  `article_no` int(11) NOT NULL DEFAULT '0',
  PRIMARY KEY (`user_id`,`article_no`),
  KEY `article_no` (`article_no`)
) ENGINE=InnoDB DEFAULT CHARSET=latin1;
/*!40101 SET character_set_client = @saved_cs_client */;

--
-- Dumping data for table `user_article`
--

LOCK TABLES `user_article` WRITE;
/*!40000 ALTER TABLE `user_article` DISABLE KEYS */;
INSERT INTO `user_article` VALUES (1,2),(3,2),(1,3),(2,3),(3,3),(1,4),(5,4),(2,5),(3,5);
/*!40000 ALTER TABLE `user_article` ENABLE KEYS */;
UNLOCK TABLES;

--
-- Table structure for table `user_comment`
--

DROP TABLE IF EXISTS `user_comment`;
/*!40101 SET @saved_cs_client     = @@character_set_client */;
/*!40101 SET character_set_client = utf8 */;
CREATE TABLE `user_comment` (
  `user_id` varchar(255) NOT NULL DEFAULT '',
  `comment_id` int(11) NOT NULL DEFAULT '0',
  PRIMARY KEY (`user_id`,`comment_id`),
  KEY `comment_id` (`comment_id`)
) ENGINE=InnoDB DEFAULT CHARSET=latin1;
/*!40101 SET character_set_client = @saved_cs_client */;

--
-- Dumping data for table `user_comment`
--

LOCK TABLES `user_comment` WRITE;
/*!40000 ALTER TABLE `user_comment` DISABLE KEYS */;
INSERT INTO `user_comment` VALUES ('1',1),('4',2),('2',3),('3',5),('4',5),('7',5);
/*!40000 ALTER TABLE `user_comment` ENABLE KEYS */;
UNLOCK TABLES;
/*!40103 SET TIME_ZONE=@OLD_TIME_ZONE */;

/*!40101 SET SQL_MODE=@OLD_SQL_MODE */;
/*!40014 SET FOREIGN_KEY_CHECKS=@OLD_FOREIGN_KEY_CHECKS */;
/*!40014 SET UNIQUE_CHECKS=@OLD_UNIQUE_CHECKS */;
/*!40101 SET CHARACTER_SET_CLIENT=@OLD_CHARACTER_SET_CLIENT */;
/*!40101 SET CHARACTER_SET_RESULTS=@OLD_CHARACTER_SET_RESULTS */;
/*!40101 SET COLLATION_CONNECTION=@OLD_COLLATION_CONNECTION */;
/*!40111 SET SQL_NOTES=@OLD_SQL_NOTES */;

-- Dump completed on 2011-08-30 11:00:01
